Year,Ceremony,Film,Award,Gender,Winner,Name,Race,Age at Win,Photo
1927/1928,1,The Last Command,Actor,M,1,Emil Jannings,White,44,https://prabook.com/web/show-photo.jpg?id=1509048
1927/1928,1,7th Heaven,Actress,F,1,Janet Gaynor,White,22,http://cdn.worldofwonder.net/wp-content/uploads/2017/10/gaynor.jpg
1928/1929,2,In Old Arizona,Actor,M,1,Warner Baxter,White,41,http://www.latimes.com/includes/projects/hollywood/portraits/warner_baxter.jpg
1928/1929,2,Coquette,Actress,F,1,Mary Pickford,White,37,https://www.biography.com/.image/t_share/MTE5NTU2MzE2MzQ0MjU2MDEx/mary-pickford-9440298-1-402.jpg
1929/1930,3,Disraeli,Actor,M,1,George Arliss,White,62,https://upload.wikimedia.org/wikipedia/commons/9/90/George_Arliss_01.jpg
1929/1930,3,The Divorcee,Actress,F,1,Norma Shearer,White,28,http://www.hollywoodsgoldenage.com/images/shearer.jpg
1930/1931,4,A Free Soul,Actor,M,1,Lionel Barrymore,White,53,https://www.biography.com/.image/ar_1:1%2Cc_fill%2Ccs_srgb%2Cg_face%2Cq_80%2Cw_300/MTE5NDg0MDU0ODk0MDUyODc5/lionel-barrymore-9200454-1-402.jpg
1930/1931,4,Min and Bill,Actress,F,1,Marie Dressler,White,63,https://upload.wikimedia.org/wikipedia/en/thumb/a/a6/Marie_Dressler_-_1930.jpg/220px-Marie_Dressler_-_1930.jpg
1931/1932,5,The Champ,Actor,M,1,Wallace Beery,White,47,https://upload.wikimedia.org/wikipedia/commons/f/f7/Wallace_Beery-publicity.JPG
1931/1932,5,Dr. Jekyll and Mr. Hyde,Actor,M,1,Fredric March,White,35,"https://images-na.ssl-images-amazon.com/images/M/MV5BNTI3MDEyMzg2OF5BMl5BanBnXkFtZTYwNzA2MjI2._V1_UY317_CR29,0,214,317_AL_.jpg"
1931/1932,5,The Sin of Madelon Claudet,Actress,F,1,Helen Hayes,White,32,https://myhero.com/images/guest/g293020/hero114528/Helen%20Hayes%20paragraph%201.jpg
1932/1933,6,The Private Life of Henry VIII,Actor,M,1,Charles Laughton,White,34,https://upload.wikimedia.org/wikipedia/commons/thumb/6/66/Charles_Laughton-publicity2.JPG/220px-Charles_Laughton-publicity2.JPG
1932/1933,6,Morning Glory,Actress,F,1,Katharine Hepburn,White,26,https://upload.wikimedia.org/wikipedia/commons/thumb/0/08/Katharine_Hepburn_promo_pic.jpg/1200px-Katharine_Hepburn_promo_pic.jpg
1934,7,It Happened One Night,Actor,M,1,Clark Gable,White,34,https://upload.wikimedia.org/wikipedia/commons/thumb/3/3a/Clark_Gable_-_publicity.JPG/220px-Clark_Gable_-_publicity.JPG
1934,7,It Happened One Night,Actress,F,1,Claudette Colbert,White,31,https://www.biography.com/.image/ar_1:1%2Cc_fill%2Ccs_srgb%2Cg_face%2Cq_80%2Cw_300/MTE4MDAzNDEwNDg1MDIwMTc0/claudette-colbert-9252822-2-402.jpg
1935,8,The Informer,Actor,M,1,Victor McLaglen,White,49,https://www.onthisday.com/images/people/victor-mclaglen-200.jpg
1935,8,Dangerous,Actress,F,1,Bette Davis,White,27,https://flavorwire.files.wordpress.com/2015/04/bette.jpg?w=1920
1936,9,The Story of Louis Pasteur,Actor,M,1,Paul Muni,White,41,https://www.biography.com/.image/ar_1:1%2Cc_fill%2Ccs_srgb%2Cg_face%2Cq_80%2Cw_300/MTE5NTU2MzE2MzI0NTk1MjEx/paul-muni-9418148-1-402.jpg
1936,9,Come and Get It,Actor in a Supporting Role,M,1,Walter Brennan,White,42,"https://images-na.ssl-images-amazon.com/images/M/MV5BMjExNzA5NjE1MF5BMl5BanBnXkFtZTYwMTMxMTM2._V1_UY317_CR17,0,214,317_AL_.jpg"
1936,9,The Great Ziegfeld,Actress,F,1,Luise Rainer,White,27,https://upload.wikimedia.org/wikipedia/commons/thumb/c/c7/Luise_Rainer_-_Paramount.jpg/220px-Luise_Rainer_-_Paramount.jpg
1936,9,Anthony Adverse,Actress in a Supporting Role,F,1,Gale Sondergaard,White,38,https://upload.wikimedia.org/wikipedia/commons/thumb/5/55/Studio_publicity_Gale_Sondergaard.jpg/250px-Studio_publicity_Gale_Sondergaard.jpg
1937,10,Captains Courageous,Actor,M,1,Spencer Tracy,White,37,https://www.biography.com/.image/ar_1:1%2Cc_fill%2Ccs_srgb%2Cg_face%2Cq_80%2Cw_300/MTIwNjA4NjMzOTkxODI0OTA4/spencer-tracy-9509626-1-402.jpg
1937,10,The Life of Emile Zola,Actor in a Supporting Role,M,1,Joseph Schildkraut,White,41,https://images.findagrave.com/photos/2002/289/6332_1034916098.jpg
1937,10,The Good Earth,Actress,F,1,Luise Rainer,White,28,https://upload.wikimedia.org/wikipedia/commons/thumb/c/c7/Luise_Rainer_-_Paramount.jpg/220px-Luise_Rainer_-_Paramount.jpg
1937,10,In Old Chicago,Actress in a Supporting Role,F,1,Alice Brady,White,45,http://www.latimes.com/includes/projects/hollywood/portraits/alice_brady.jpg
1938,11,Boys Town,Actor,M,1,Spencer Tracy,White,38,https://www.biography.com/.image/ar_1:1%2Cc_fill%2Ccs_srgb%2Cg_face%2Cq_80%2Cw_300/MTIwNjA4NjMzOTkxODI0OTA4/spencer-tracy-9509626-1-402.jpg
1938,11,Kentucky,Actor in a Supporting Role,M,1,Walter Brennan,White,44,"https://images-na.ssl-images-amazon.com/images/M/MV5BMjExNzA5NjE1MF5BMl5BanBnXkFtZTYwMTMxMTM2._V1_UY317_CR17,0,214,317_AL_.jpg"
1938,11,Jezebel,Actress,F,1,Bette Davis,White,30,https://flavorwire.files.wordpress.com/2015/04/bette.jpg?w=1920
1938,11,Jezebel,Actress in a Supporting Role,F,1,Fay Bainter,White,45,https://upload.wikimedia.org/wikipedia/commons/thumb/f/f1/Studio_publicity_Fay_Bainter.jpg/250px-Studio_publicity_Fay_Bainter.jpg
1939,12,"Goodbye, Mr. Chips",Actor,M,1,Robert Donat,White,34,https://www.thefamouspeople.com/profiles/images/robert-donat-1.jpg
1939,12,Stagecoach,Actor in a Supporting Role,M,1,Thomas Mitchell,White,47,http://www.latimes.com/includes/projects/hollywood/portraits/thomas_mitchell.jpg
1939,12,Gone with the Wind,Actress,F,1,Vivien Leigh,White,26,https://upload.wikimedia.org/wikipedia/en/thumb/9/90/Vivien_Leigh_1948.jpg/220px-Vivien_Leigh_1948.jpg
1939,12,Gone with the Wind,Actress in a Supporting Role,,1,Hattie McDaniel,Black,44,https://www.biography.com/.image/t_share/MTE5NDg0MDU0NjI3NzE0NTc1/hattie-mcdaniel-38433-1-402.jpg
1940,13,The Philadelphia Story,Actor,M,1,James Stewart,White,32,https://upload.wikimedia.org/wikipedia/commons/thumb/e/e8/Annex_-_Stewart%2C_James_%28Call_Northside_777%29_01.jpg/1200px-Annex_-_Stewart%2C_James_%28Call_Northside_777%29_01.jpg
1940,13,The Westerner,Actor in a Supporting Role,M,1,Walter Brennan,White,46,"https://images-na.ssl-images-amazon.com/images/M/MV5BMjExNzA5NjE1MF5BMl5BanBnXkFtZTYwMTMxMTM2._V1_UY317_CR17,0,214,317_AL_.jpg"
1940,13,Kitty Foyle,Actress,F,1,Ginger Rogers,White,29,http://fordneyfoundation.org/wp-content/uploads/2015/03/ginger-rogers-4.jpg
1940,13,The Grapes of Wrath,Actress in a Supporting Role,F,1,Jane Darwell,White,61,"https://images-na.ssl-images-amazon.com/images/M/MV5BMTQxNTM2NDI4MV5BMl5BanBnXkFtZTYwMDQ2MjI2._V1_UY317_CR22,0,214,317_AL_.jpg"
1941,14,Sergeant York,Actor,M,1,Gary Cooper,White,40,https://www.biography.com/.image/ar_1:1%2Cc_fill%2Ccs_srgb%2Cg_face%2Cq_80%2Cw_300/MTE1ODA0OTcxNTk1NDk5MDIx/gary-cooper-9256519-1-402.jpg
1941,14,How Green Was My Valley,Actor in a Supporting Role,M,1,Donald Crisp,White,59,http://www.latimes.com/includes/projects/hollywood/portraits/donald_crisp.jpg
1941,14,Suspicion,Actress,F,1,Joan Fontaine,White,24,"http://www.doctormacro.com/Images/Fontaine,%20Joan/Annex/Annex%20-%20Fontaine,%20Joan_02.jpg"
1941,14,The Great Lie,Actress in a Supporting Role,F,1,Mary Astor,White,35,https://upload.wikimedia.org/wikipedia/commons/2/2b/Mary_Astor-1930s.JPG
1942,15,Yankee Doodle Dandy,Actor,M,1,James Cagney,White,43,https://www.otrcat.com/images/james-cagney-2-otrcat.com.jpg
1942,15,Johnny Eager,Actor in a Supporting Role,M,1,Van Heflin,White,32,https://upload.wikimedia.org/wikipedia/commons/thumb/e/eb/Heflin%2C_Van.jpg/1200px-Heflin%2C_Van.jpg
1942,15,Mrs. Miniver,Actress,F,1,Greer Garson,White,38,http://www.hollywoodsgoldenage.com/images/greer.jpg
1942,15,Mrs. Miniver,Actress in a Supporting Role,F,1,Teresa Wright,White,24,https://upload.wikimedia.org/wikipedia/commons/thumb/1/17/Teresa-Wright-1942-1.jpg/1200px-Teresa-Wright-1942-1.jpg
1943,16,Watch on the Rhine,Actor,M,1,Paul Lukas,White,48,https://upload.wikimedia.org/wikipedia/en/d/d4/Paul_Lukas_-_1950.jpg
1943,16,The More the Merrier,Actor in a Supporting Role,M,1,Charles Coburn,White,66,https://i.pinimg.com/originals/9b/f5/b1/9bf5b1ab09404b3633b0df8e1a0c005b.jpg
1943,16,The Song of Bernadette,Actress,F,1,Jennifer Jones,White,25,http://www.nndb.com/people/809/000063620/j-jones-sm.jpg
1943,16,For Whom the Bell Tolls,Actress in a Supporting Role,F,1,Katina Paxinou,White,43,http://www.latimes.com/includes/projects/hollywood/portraits/katrina_paxinou.jpg
1944,17,Going My Way,Actor,M,1,Bing Crosby,White,41,https://image.tmdb.org/t/p/w1280//sKD1GauhPSBDIuVc9wrcNj9a9Wq.jpg
1944,17,Going My Way,Actor in a Supporting Role,M,1,Barry Fitzgerald,White,57,https://image.tmdb.org/t/p/w1280//qT8v92uSb19IsHxuqBGNU43iVJ6.jpg
1944,17,Gaslight,Actress,F,1,Ingrid Bergman,White,29,https://image.tmdb.org/t/p/w1280//jXEE0P6705JbMAJ2nwtHjmqkd5F.jpg
1944,17,None but the Lonely Heart,Actress in a Supporting Role,F,1,Ethel Barrymore,White,65,https://image.tmdb.org/t/p/w1280//24OXA0rGmxbF09D5aK7aiWe6HCB.jpg
1945,18,The Lost Weekend,Actor,M,1,Ray Milland,White,39,https://image.tmdb.org/t/p/w1280//zB7jGIBc6dc3fMqCpXlCDZxQrll.jpg
1945,18,A Tree Grows in Brooklyn,Actor in a Supporting Role,M,1,James Dunn,White,44,https://image.tmdb.org/t/p/w1280//eaB9rgLAfv1dJCeOGJwjdTx7o3p.jpg
1945,18,Mildred Pierce,Actress,F,1,Joan Crawford,White,40,https://image.tmdb.org/t/p/w1280//18zM03CrzqmF3CuONgeIFkjL62K.jpg
1945,18,National Velvet,Actress in a Supporting Role,F,1,Anne Revere,White,42,https://image.tmdb.org/t/p/w1280//cDizEndftfMxxILwLGhYZjoTB61.jpg
1946,19,The Best Years of Our Lives,Actor,M,1,Fredric March,White,49,https://image.tmdb.org/t/p/w1280//iqF3LWUhBvbBgYohM8yPZCyLYq0.jpg
1946,19,The Best Years of Our Lives,Actor in a Supporting Role,M,1,Harold Russell,White,33,https://image.tmdb.org/t/p/w1280//xkxcIQRpzwnqg0T5NFwE0WfjlUG.jpg
1946,19,To Each His Own,Actress,F,1,Olivia de Havilland,White,30,https://image.tmdb.org/t/p/w1280//rnMSdk6OZvRdimYbFHjiaYOtIlt.jpg
1946,19,The Razor's Edge,Actress in a Supporting Role,F,1,Anne Baxter,White,23,https://image.tmdb.org/t/p/w1280//jOnJoazpO6q2vAVL37IQfzQbjav.jpg
1947,20,A Double Life,Actor,M,1,Ronald Colman,White,57,https://image.tmdb.org/t/p/w1280//eYzmXamTV6CpqwxZqTEJSBRNlb0.jpg
1947,20,Miracle on 34th Street,Actor in a Supporting Role,M,1,Edmund Gwenn,White,70,https://image.tmdb.org/t/p/w1280//6IL8cwEo3yPZs6hLq07YC0boUoI.jpg
1947,20,The Farmer's Daughter,Actress,F,1,Loretta Young,White,35,https://image.tmdb.org/t/p/w1280//g5IlFLATSLpINVlaoV8Ncce2RCA.jpg
1947,20,Gentleman's Agreement,Actress in a Supporting Role,F,1,Celeste Holm,White,30,https://image.tmdb.org/t/p/w1280//3TWctkWuPrtiwjqkfSDjDFcMcx.jpg
1948,21,Hamlet,Actor,M,1,Laurence Olivier,White,41,https://image.tmdb.org/t/p/w1280//n8jDSq91O95HSbtCJLRsM367kKx.jpg
1948,21,The Treasure of the Sierra Madre,Actor in a Supporting Role,M,1,Walter Huston,White,65,https://image.tmdb.org/t/p/w1280//17N08QrQ6Am3hQD5noz5zozGaFH.jpg
1948,21,Johnny Belinda,Actress,F,1,Jane Wyman,White,32,https://image.tmdb.org/t/p/w1280//nw2qjwNEEJvhJbgqSu9DmqBGY0W.jpg
1948,21,Key Largo,Actress in a Supporting Role,F,1,Claire Trevor,White,39,https://image.tmdb.org/t/p/w1280//6RMb6vmgxfTpSWF7fggD0kYnP19.jpg
1949,22,All the King's Men,Actor,M,1,Broderick Crawford,White,38,https://image.tmdb.org/t/p/w1280//fCoHg9CyOza4o9Mg1TLd5yXFGM4.jpg
1949,22,Twelve O'Clock High,Actor in a Supporting Role,M,1,Dean Jagger,White,46,https://image.tmdb.org/t/p/w1280//ynPzyxE5xvkKDwr8xw18WoCsITN.jpg
1949,22,The Heiress,Actress,F,1,Olivia de Havilland,White,33,https://image.tmdb.org/t/p/w1280//rnMSdk6OZvRdimYbFHjiaYOtIlt.jpg
1949,22,All the King's Men,Actress in a Supporting Role,F,1,Mercedes McCambridge,White,34,https://image.tmdb.org/t/p/w1280//hfpsmWUzDHeblAJ0vKv0ftXg0jB.jpg
1950,23,Cyrano de Bergerac,Actor,M,1,José Ferrer,Latinx,39,https://image.tmdb.org/t/p/w1280//4AeQKvJXTSFrjNtSKm2BFWVHdCr.jpg
1950,23,All about Eve,Actor in a Supporting Role,M,1,George Sanders,White,44,https://image.tmdb.org/t/p/w1280//6fvK8vUTgSMRvuw77PjjuIOMl6.jpg
1950,23,Born Yesterday,Actress,F,1,Judy Holliday,White,29,https://image.tmdb.org/t/p/w1280//pfKChERT9vEzyJrO5sWkJy1go36.jpg
1950,23,Harvey,Actress in a Supporting Role,F,1,Josephine Hull,White,74,https://image.tmdb.org/t/p/w1280//ez4bvdONR5WE2qhncCh9uOilIwo.jpg
1951,24,The African Queen,Actor,M,1,Humphrey Bogart,White,52,https://image.tmdb.org/t/p/w1280//pxJrZluJHhbWRo2QXAG99FvXUi7.jpg
1951,24,A Streetcar Named Desire,Actor in a Supporting Role,M,1,Karl Malden,White,40,https://image.tmdb.org/t/p/w1280//mszc66eJmCKzOD2vwl8qJrVSz1W.jpg
1951,24,A Streetcar Named Desire,Actress,F,1,Vivien Leigh,White,38,https://image.tmdb.org/t/p/w1280//wUy2GIFZjSpE01xUMy9wBy2xqjc.jpg
1951,24,A Streetcar Named Desire,Actress in a Supporting Role,F,1,Kim Hunter,White,29,https://image.tmdb.org/t/p/w1280//nB44EysedphcIWftSqyyG2qBYk8.jpg
1952,25,High Noon,Actor,M,1,Gary Cooper,White,51,https://image.tmdb.org/t/p/w1280//zVUK71x5IoBaJ5H9dTgE2CRmLKy.jpg
1952,25,Viva Zapata!,Actor in a Supporting Role,M,1,Anthony Quinn,Latinx,37,https://image.tmdb.org/t/p/w1280//9sKpm4KCoUbmMbR86fpqcgBCHrJ.jpg
1952,25,"Come Back, Little Sheba",Actress,F,1,Shirley Booth,White,54,https://image.tmdb.org/t/p/w1280//mM4K7Klt6kmPJqxYQGrP2NZdoPB.jpg
1952,25,The Bad and the Beautiful,Actress in a Supporting Role,F,1,Gloria Grahame,White,29,https://image.tmdb.org/t/p/w1280//f4Y0WcGs4UDwRVFD9XYoDg5pclS.jpg
1953,26,Stalag 17,Actor,M,1,William Holden,White,35,https://image.tmdb.org/t/p/w1280//6sa5f8p1KBhYxJDEmCLxn7QLcBe.jpg
1953,26,From Here to Eternity,Actor in a Supporting Role,M,1,Frank Sinatra,White,38,https://image.tmdb.org/t/p/w1280//vn9qWseEb2LspaS0LBDntH0L4Qw.jpg
1953,26,Roman Holiday,Actress,F,1,Audrey Hepburn,White,24,https://image.tmdb.org/t/p/w1280//sKXJWmSFnI46vIFs3SXRbXj9tu2.jpg
1953,26,From Here to Eternity,Actress in a Supporting Role,F,1,Donna Reed,White,33,https://image.tmdb.org/t/p/w1280//jGSZJKut5cOHqiKnz6cC0AMol7v.jpg
1954,27,On the Waterfront,Actor,M,1,Marlon Brando,White,30,https://image.tmdb.org/t/p/w1280//8IqKmUh8GugHVgutNxBJY9BWnsJ.jpg
1954,27,The Barefoot Contessa,Actor in a Supporting Role,M,1,Edmond O'Brien,White,39,https://image.tmdb.org/t/p/w1280//jyi6OW4ZFWudfyk0TgnBK4i3XSf.jpg
1954,27,The Country Girl,Actress,F,1,Grace Kelly,White,25,https://image.tmdb.org/t/p/w1280//2dNjXRNbhOmovybmr5iCdAhqdwl.jpg
1954,27,On the Waterfront,Actress in a Supporting Role,F,1,Eva Marie Saint,White,30,https://image.tmdb.org/t/p/w1280//9DpClOXbxSAsZiwsCnwIPA212pQ.jpg
1955,28,Marty,Actor,M,1,Ernest Borgnine,White,39,https://image.tmdb.org/t/p/w1280//kQhcGAc2TgohrvLZSYapT2SHRby.jpg
1955,28,Mister Roberts,Actor in a Supporting Role,M,1,Jack Lemmon,White,31,https://image.tmdb.org/t/p/w1280//chZmNRYMtqkiDlatprGDH4BzGqG.jpg
1955,28,The Rose Tattoo,Actress,F,1,Anna Magnani,White,48,https://image.tmdb.org/t/p/w1280//ygpE4VtT0TtrF2mfceJBT8u2Nhh.jpg
1955,28,East of Eden,Actress in a Supporting Role,F,1,Jo Van Fleet,White,41,https://image.tmdb.org/t/p/w1280//ten759vBLpScDUP4FUSMBwQMWeE.jpg
1956,29,The King and I,Actor,M,1,Yul Brynner,White,36,https://image.tmdb.org/t/p/w1280//bRA6b94H7Aak8PESLbtJ5LzHATU.jpg
1956,29,Lust for Life,Actor in a Supporting Role,M,1,Anthony Quinn,Latinx,41,https://image.tmdb.org/t/p/w1280//9sKpm4KCoUbmMbR86fpqcgBCHrJ.jpg
1956,29,Anastasia,Actress,F,1,Ingrid Bergman,White,41,https://image.tmdb.org/t/p/w1280//jXEE0P6705JbMAJ2nwtHjmqkd5F.jpg
1956,29,Written on the Wind,Actress in a Supporting Role,F,1,Dorothy Malone,White,32,https://image.tmdb.org/t/p/w1280//6xgsu7iZAHVir8hebZ1aYMmX8Xz.jpg
1957,30,The Bridge on the River Kwai,Actor,M,1,Alec Guinness,White,43,https://image.tmdb.org/t/p/w1280//nv3ppxgUQJytFGXZNde4f9ZlshB.jpg
1957,30,Sayonara,Actor in a Supporting Role,M,1,Red Buttons,White,39,https://image.tmdb.org/t/p/w1280//iog7plLpG4qvBlkq1aKSutkAys.jpg
1957,30,The Three Faces of Eve,Actress,F,1,Joanne Woodward,White,28,https://image.tmdb.org/t/p/w1280//8a500O203jN1IHFZVAPwVUyAHUZ.jpg
1957,30,Sayonara,Actress in a Supporting Role,F,1,Miyoshi Umeki,Asian,28,https://image.tmdb.org/t/p/w1280//a2ni0RXDzFq8wfkgzH0ZUDS5wKu.jpg
1958,31,Separate Tables,Actor,M,1,David Niven,White,49,https://image.tmdb.org/t/p/w1280//xslrziGA3B24iQ7BG9IO0ugycDo.jpg
1958,31,The Big Country,Actor in a Supporting Role,M,1,Burl Ives,White,49,https://image.tmdb.org/t/p/w1280//fx4W7qSBI5392uQL5Cv5a7lSuF4.jpg
1958,31,I Want to Live!,Actress,F,1,Susan Hayward,White,41,https://image.tmdb.org/t/p/w1280//6PeTWJiJmJUG1hqVscVPQOUC8C1.jpg
1958,31,Separate Tables,Actress in a Supporting Role,F,1,Wendy Hiller,White,46,https://image.tmdb.org/t/p/w1280//rXMgKK0F8PRX1sdN9jxeb9SC8c5.jpg
1959,32,Ben-Hur,Actor,M,1,Charlton Heston,White,36,https://image.tmdb.org/t/p/w1280//pXwJV9JlOCKOHSfEJdt2q61SZVq.jpg
1959,32,Ben-Hur,Actor in a Supporting Role,M,1,Hugh Griffith,White,47,https://image.tmdb.org/t/p/w1280//qIFbwovMcEd9dMGCRB0x2RRr3m7.jpg
1959,32,Room at the Top,Actress,F,1,Simone Signoret,White,39,https://image.tmdb.org/t/p/w1280//vRI2Vt3HX911uDrVK170waQsL8b.jpg
1959,32,The Diary of Anne Frank,Actress in a Supporting Role,F,1,Shelley Winters,White,39,https://image.tmdb.org/t/p/w1280//zVg966M0RVK5kycHZUEDc51QULV.jpg
1960,33,Elmer Gantry,Actor,M,1,Burt Lancaster,White,47,https://image.tmdb.org/t/p/w1280//bpAkekuIvKhh9L9Rean3fBznSy5.jpg
1960,33,Spartacus,Actor in a Supporting Role,M,1,Peter Ustinov,White,40,https://image.tmdb.org/t/p/w1280//8Lv4g3ZPVSM1ckKk15OnryX8sL7.jpg
1960,33,Butterfield 8,Actress,F,1,Elizabeth Taylor,White,29,https://image.tmdb.org/t/p/w1280//kLSHCsowVnTvIbDD5Virb0yfLCW.jpg
1960,33,Elmer Gantry,Actress in a Supporting Role,F,1,Shirley Jones,White,27,https://image.tmdb.org/t/p/w1280//jZbS3ej52FOUCBSJCQKQS0MtD87.jpg
1961,34,Judgment at Nuremberg,Actor,M,1,Maximilian Schell,White,31,https://image.tmdb.org/t/p/w1280//xhjyQpOmwDwU48Kq2b1XCEO9G7E.jpg
1961,34,West Side Story,Actor in a Supporting Role,M,1,George Chakiris,White,27,https://image.tmdb.org/t/p/w1280//mdqo9bYM2u3eQHyuqEB7VsA2wmU.jpg
1961,34,Two Women,Actress,F,1,Sophia Loren,White,27,https://image.tmdb.org/t/p/w1280//emKLhbji1c7BjcA2DdbWf0EP9zH.jpg
1961,34,West Side Story,Actress in a Supporting Role,F,1,Rita Moreno,Latinx,30,https://image.tmdb.org/t/p/w1280//cpu3QeMGvbkBLmrFy8dUxEP7zdd.jpg
1962,35,To Kill a Mockingbird,Actor,M,1,Gregory Peck,White,47,https://image.tmdb.org/t/p/w1280//ycs6o0UoohQ7nV7A6VWaTkoIkCQ.jpg
1962,35,Sweet Bird of Youth,Actor in a Supporting Role,M,1,Ed Begley,White,62,https://image.tmdb.org/t/p/w1280//or39TZVqz9egZPDqQ1Lzeago1zr.jpg
1962,35,The Miracle Worker,Actress,F,1,Anne Bancroft,White,31,https://image.tmdb.org/t/p/w1280//ydabiabIsMBe2HsNmx43gBpqzxx.jpg
1962,35,The Miracle Worker,Actress in a Supporting Role,F,1,Patty Duke,White,16,https://image.tmdb.org/t/p/w1280//tQSbfEIuQ4W2tGm2cqrgIrWTYLv.jpg
1963,36,Lilies of the Field,Actor,M,1,Sidney Poitier,White,37,https://image.tmdb.org/t/p/w1280//9LV17m3H7nGCJTXg7pzhK857g6V.jpg
1963,36,Hud,Actor in a Supporting Role,M,1,Melvyn Douglas,White,63,https://image.tmdb.org/t/p/w1280//to1UafQjBjZcN31AAS4fjmubk9Q.jpg
1963,36,Hud,Actress,F,1,Patricia Neal,White,38,https://image.tmdb.org/t/p/w1280//1VPdXeUnI6RcCzLtKv8uTHNB690.jpg
1963,36,The V.I.P.s,Actress in a Supporting Role,F,1,Margaret Rutherford,White,71,https://image.tmdb.org/t/p/w1280//mB0mupPkd27Kb1EgIwAXnY7LpBo.jpg
1964,37,My Fair Lady,Actor,M,1,Rex Harrison,White,57,https://image.tmdb.org/t/p/w1280//nWFxAoYfFURmIxz9YJBQ9DLcDx6.jpg
1964,37,Topkapi,Actor in a Supporting Role,M,1,Peter Ustinov,White,43,https://image.tmdb.org/t/p/w1280//8Lv4g3ZPVSM1ckKk15OnryX8sL7.jpg
1964,37,Mary Poppins,Actress,F,1,Julie Andrews,White,29,https://image.tmdb.org/t/p/w1280//yQ0J92DMiLtQYoytLJ6CuBkdeN0.jpg
1964,37,Zorba the Greek,Actress in a Supporting Role,F,1,Lila Kedrova,White,46,https://image.tmdb.org/t/p/w1280//4yFdLNkEEhONH5hvbfXlOZnRXnw.jpg
1965,38,Cat Ballou,Actor,M,1,Lee Marvin,White,42,https://image.tmdb.org/t/p/w1280//xsXdqvZpxlo7iEm2ODMnXbfNgZM.jpg
1965,38,A Thousand Clowns,Actor in a Supporting Role,M,1,Martin Balsam,White,46,https://image.tmdb.org/t/p/w1280//vOrAfNxbu3Y1eQbdVQGUcmTu9Rc.jpg
1965,38,Darling,Actress,F,1,Julie Christie,White,25,https://image.tmdb.org/t/p/w1280//8ExaneRh7VHcm2rATpau89Qwzjm.jpg
1965,38,A Patch of Blue,Actress in a Supporting Role,F,1,Shelley Winters,White,45,https://image.tmdb.org/t/p/w1280//zVg966M0RVK5kycHZUEDc51QULV.jpg
1966,39,A Man for All Seasons,Actor,M,1,Paul Scofield,White,45,https://image.tmdb.org/t/p/w1280//gt4YFHyhE29CfpiZxknPy0aAGx.jpg
1966,39,The Fortune Cookie,Actor in a Supporting Role,M,1,Walter Matthau,White,46,https://image.tmdb.org/t/p/w1280//xJVkvprOnzP5Zdh5y63y8HHniDZ.jpg
1966,39,Who's Afraid of Virginia Woolf?,Actress,F,1,Elizabeth Taylor,White,35,https://image.tmdb.org/t/p/w1280//kLSHCsowVnTvIbDD5Virb0yfLCW.jpg
1966,39,Who's Afraid of Virginia Woolf?,Actress in a Supporting Role,F,1,Sandy Dennis,White,29,https://image.tmdb.org/t/p/w1280//hy3QacaLrl2GtSPKmZtgSIQJfJG.jpg
1967,40,In the Heat of the Night,Actor,M,1,Rod Steiger,White,42,https://image.tmdb.org/t/p/w1280//cc96tXM1O0PAoyog9hzo1GgSwB5.jpg
1967,40,Cool Hand Luke,Actor in a Supporting Role,M,1,George Kennedy,White,43,https://image.tmdb.org/t/p/w1280//vNYRh8f0QuA2eK8ahKftOBxtDN7.jpg
1967,40,Guess Who's Coming to Dinner,Actress,F,1,Katharine Hepburn,White,60,https://image.tmdb.org/t/p/w1280//ieGNYekIGc5R16cYmIzzyo59Lfz.jpg
1967,40,Bonnie and Clyde,Actress in a Supporting Role,F,1,Estelle Parsons,White,40,https://image.tmdb.org/t/p/w1280//cBw9l1de3bKjr0LpGEGplJuJmPc.jpg
1968,41,Charly,Actor,M,1,Cliff Robertson,White,45,https://image.tmdb.org/t/p/w1280//q8DvYrkVZ6GajgU2V771Y0dOGWy.jpg
1968,41,The Subject Was Roses,Actor in a Supporting Role,M,1,Jack Albertson,White,61,https://image.tmdb.org/t/p/w1280//8vmSxUnRqZ23bCWMim2Y1pOvSAD.jpg
1968,41,The Lion in Winter,Actress,F,1,Katharine Hepburn,White,61,https://image.tmdb.org/t/p/w1280//ieGNYekIGc5R16cYmIzzyo59Lfz.jpg
1968,41,Funny Girl,Actress,F,1,Barbra Streisand,White,26,https://image.tmdb.org/t/p/w1280//dniQkFMeSApui14REFpqeZhlaKK.jpg
1968,41,Rosemary's Baby,Actress in a Supporting Role,F,1,Ruth Gordon,White,72,https://image.tmdb.org/t/p/w1280//155Pa9jPlWEaPK7qZQFWH6kol5A.jpg
1969,42,True Grit,Actor,M,1,John Wayne,White,62,https://image.tmdb.org/t/p/w1280//iw9gHSQj1l3TQeiJb5tNK2N8k2w.jpg
1969,42,"They Shoot Horses, Don't They?",Actor in a Supporting Role,M,1,Gig Young,White,56,https://image.tmdb.org/t/p/w1280//b3ygoxK0hWTDtKdwE0C8fUgLoLu.jpg
1969,42,The Prime of Miss Jean Brodie,Actress,F,1,Maggie Smith,White,35,https://image.tmdb.org/t/p/w1280//kkMNu2iqkBPkbjhNBmDaUX7FHr.jpg
1969,42,Cactus Flower,Actress in a Supporting Role,F,1,Goldie Hawn,White,24,https://image.tmdb.org/t/p/w1280//29s9YEFtR1A3ijJ01JlLjYtLpNU.jpg
1970,43,Patton,Actor,M,1,George C. Scott,White,43,https://image.tmdb.org/t/p/w1280//wFC6K5wv6r4DgZI09JGaAsb1eCR.jpg
1970,43,Ryan's Daughter,Actor in a Supporting Role,M,1,John Mills,White,63,https://image.tmdb.org/t/p/w1280//5MiJRQj6irdxqCtAhX00YWqmGjZ.jpg
1970,43,Women in Love,Actress,F,1,Glenda Jackson,White,34,https://image.tmdb.org/t/p/w1280//7o9KfeMoegPR5rY905vojh1Fadc.jpg
1970,43,Airport,Actress in a Supporting Role,F,1,Helen Hayes,White,70,https://image.tmdb.org/t/p/w1280//6QJDTvIT0v5E9pR1rgPtq59Ej8.jpg
1971,44,The French Connection,Actor,M,1,Gene Hackman,White,42,https://image.tmdb.org/t/p/w1280//qEKcmwc1XstymEniGuCs3KIsGfP.jpg
1971,44,The Last Picture Show,Actor in a Supporting Role,M,1,Ben Johnson,White,53,https://www.truewestmagazine.com/wp-content/uploads/2015/03/ben-johnson-1-blog.jpg
1971,44,Klute,Actress,F,1,Jane Fonda,White,34,https://image.tmdb.org/t/p/w1280//y1QtAxHn8XOi4cHzDRJUuvK3aFp.jpg
1971,44,The Last Picture Show,Actress in a Supporting Role,F,1,Cloris Leachman,White,45,https://image.tmdb.org/t/p/w1280//8ByYhjEHavhZiQYriHVXsWUfu8c.jpg
1972,45,The Godfather,Actor,M,1,Marlon Brando,White,48,https://image.tmdb.org/t/p/w1280//8IqKmUh8GugHVgutNxBJY9BWnsJ.jpg
1972,45,Cabaret,Actor in a Supporting Role,M,1,Joel Grey,White,40,https://image.tmdb.org/t/p/w1280//yCLwC64GVp96bNi7eTPT0VPmjON.jpg
1972,45,Cabaret,Actress,F,1,Liza Minnelli,White,27,https://image.tmdb.org/t/p/w1280//1G5DNqKJ4ufFryQTGmmTqCqYsY4.jpg
1972,45,Butterflies Are Free,Actress in a Supporting Role,F,1,Eileen Heckart,White,53,https://image.tmdb.org/t/p/w1280//6NOXsgcudnmTAt8oK5ycMlBelUe.jpg
1973,46,Save the Tiger,Actor,M,1,Jack Lemmon,White,49,https://image.tmdb.org/t/p/w1280//chZmNRYMtqkiDlatprGDH4BzGqG.jpg
1973,46,The Paper Chase,Actor in a Supporting Role,M,1,John Houseman,White,71,https://image.tmdb.org/t/p/w1280//yN0o6KfCD7Lbb50oYuYn1oxHONB.jpg
1973,46,A Touch of Class,Actress,F,1,Glenda Jackson,White,37,https://image.tmdb.org/t/p/w1280//7o9KfeMoegPR5rY905vojh1Fadc.jpg
1973,46,Paper Moon,Actress in a Supporting Role,F,1,Tatum O'Neal,White,10,https://image.tmdb.org/t/p/w1280//lxADRrqnjxA43bJJT60bVgfLB0Z.jpg
1974,47,Harry and Tonto,Actor,M,1,Art Carney,White,56,https://image.tmdb.org/t/p/w1280//sbK2jpM0gKMeovCOLnS3i8ZbR29.jpg
1974,47,The Godfather Part II,Actor in a Supporting Role,M,1,Robert De Niro,White,31,https://image.tmdb.org/t/p/w1280//lvTSwUcvJRLAJ2FB5qFaukel516.jpg
1974,47,Alice Doesn't Live Here Anymore,Actress,F,1,Ellen Burstyn,White,42,https://image.tmdb.org/t/p/w1280//kxWFljG3JjJMbOMCLm0SkrPQjhf.jpg
1974,47,Murder on the Orient Express,Actress in a Supporting Role,F,1,Ingrid Bergman,White,59,https://image.tmdb.org/t/p/w1280//jXEE0P6705JbMAJ2nwtHjmqkd5F.jpg
1975,48,One Flew over the Cuckoo's Nest,Actor,M,1,Jack Nicholson,White,38,https://image.tmdb.org/t/p/w1280//z5kVLyn3sxj0wNRlFgVgT6deeRO.jpg
1975,48,The Sunshine Boys,Actor in a Supporting Role,M,1,George Burns,White,80,https://image.tmdb.org/t/p/w1280//4Uw1GXgr21eSMWDZiAQkIXg5axL.jpg
1975,48,One Flew over the Cuckoo's Nest,Actress,F,1,Louise Fletcher,White,41,https://image.tmdb.org/t/p/w1280//A4Cn7LsuLlOXvOMKv5ez4ThyeZL.jpg
1975,48,Shampoo,Actress in a Supporting Role,F,1,Lee Grant,White,48,https://image.tmdb.org/t/p/w1280//t59I45kO8VxH57gg6hGE5UyC0f7.jpg
1976,49,Network,Actor in a Leading Role,M,1,Peter Finch,White,60,https://image.tmdb.org/t/p/w1280//dQ7jYlTq05FckFujavbEba4rlQK.jpg
1976,49,All the President's Men,Actor in a Supporting Role,M,1,Jason Robards,White,54,https://image.tmdb.org/t/p/w1280//d5t554TsCjMvI9zwe7M5gNLvZeX.jpg
1976,49,Network,Actress in a Leading Role,F,1,Faye Dunaway,White,36,https://image.tmdb.org/t/p/w1280//cfGKu00Oj5RrLW1g04nOubsGT4r.jpg
1976,49,Network,Actress in a Supporting Role,F,1,Beatrice Straight,White,62,https://image.tmdb.org/t/p/w1280//bN8PXaFCpG6c0qp9FRynCc98c7M.jpg
1977,50,The Goodbye Girl,Actor in a Leading Role,M,1,Richard Dreyfuss,White,30,https://image.tmdb.org/t/p/w1280//7JPMhXnfY5jgPbtByutwkHHZS3M.jpg
1977,50,Julia,Actor in a Supporting Role,M,1,Jason Robards,White,55,https://image.tmdb.org/t/p/w1280//d5t554TsCjMvI9zwe7M5gNLvZeX.jpg
1977,50,Annie Hall,Actress in a Leading Role,F,1,Diane Keaton,White,32,https://image.tmdb.org/t/p/w1280//fzgUMnbOkxC6E3EFcYHWHFaiKyp.jpg
1977,50,Julia,Actress in a Supporting Role,F,1,Vanessa Redgrave,White,41,https://image.tmdb.org/t/p/w1280//hGxsPCZkwa30UE0XQdGTB9yT0jz.jpg
1978,51,Coming Home,Actor in a Leading Role,M,1,Jon Voight,White,40,https://image.tmdb.org/t/p/w1280//c7BvyqlvqDkfkFqSBUCiR21fvTh.jpg
1978,51,The Deer Hunter,Actor in a Supporting Role,M,1,Christopher Walken,White,36,https://image.tmdb.org/t/p/w1280//ApgDL7nudR9T2GpjCG4vESgymO2.jpg
1978,51,Coming Home,Actress in a Leading Role,F,1,Jane Fonda,White,41,https://image.tmdb.org/t/p/w1280//y1QtAxHn8XOi4cHzDRJUuvK3aFp.jpg
1978,51,California Suite,Actress in a Supporting Role,F,1,Maggie Smith,White,44,https://image.tmdb.org/t/p/w1280//kkMNu2iqkBPkbjhNBmDaUX7FHr.jpg
1979,52,Kramer vs. Kramer,Actor in a Leading Role,M,1,Dustin Hoffman,White,42,https://image.tmdb.org/t/p/w1280//3pZx8NB30KIw31rBAT62TUDQFEb.jpg
1979,52,Being There,Actor in a Supporting Role,M,1,Melvyn Douglas,White,79,https://image.tmdb.org/t/p/w1280//to1UafQjBjZcN31AAS4fjmubk9Q.jpg
1979,52,Norma Rae,Actress in a Leading Role,F,1,Sally Field,White,33,https://image.tmdb.org/t/p/w1280//ymhpsxujOO3a9qaGYSpkenCt9Le.jpg
1979,52,Kramer vs. Kramer,Actress in a Supporting Role,F,1,Meryl Streep,White,30,https://image.tmdb.org/t/p/w1280//xqL5IJxV0fDeD3OfkS3eWqwJoGV.jpg
1980,53,Raging Bull,Actor in a Leading Role,M,1,Robert De Niro,White,37,https://image.tmdb.org/t/p/w1280//lvTSwUcvJRLAJ2FB5qFaukel516.jpg
1980,53,Ordinary People,Actor in a Supporting Role,M,1,Timothy Hutton,White,20,https://image.tmdb.org/t/p/w1280//ypC4mzLExwmG0QHfi8vFe9LTeSi.jpg
1980,53,Coal Miner's Daughter,Actress in a Leading Role,F,1,Sissy Spacek,White,31,https://image.tmdb.org/t/p/w1280//zauFMssYujKk7Kadz0t100VU5WE.jpg
1980,53,Melvin and Howard,Actress in a Supporting Role,F,1,Mary Steenburgen,White,28,https://image.tmdb.org/t/p/w1280//yJhfuqS3yXW7kLSyvRU6n3b35mq.jpg
1981,54,On Golden Pond,Actor in a Leading Role,M,1,Henry Fonda,White,76,https://image.tmdb.org/t/p/w1280//jNLuMWW7SpSeGMUP5qxOAtg0Ryr.jpg
1981,54,Arthur,Actor in a Supporting Role,M,1,John Gielgud,White,77,https://image.tmdb.org/t/p/w1280//jvTSqk7cuOrsdtf037olQ9BKRAe.jpg
1981,54,On Golden Pond,Actress in a Leading Role,F,1,Katharine Hepburn,White,74,https://image.tmdb.org/t/p/w1280//ieGNYekIGc5R16cYmIzzyo59Lfz.jpg
1981,54,Reds,Actress in a Supporting Role,F,1,Maureen Stapleton,White,56,https://image.tmdb.org/t/p/w1280//7zazX6qycXK1CBXkNT1t9FCEEkk.jpg
1982,55,Gandhi,Actor in a Leading Role,M,1,Ben Kingsley,Mixed,39,https://image.tmdb.org/t/p/w1280//2Eu3j31JDJek70ZXLY6xfeUaJoR.jpg
1982,55,An Officer and a Gentleman,Actor in a Supporting Role,M,1,"Louis Gossett, Jr.",Black,46,https://image.tmdb.org/t/p/w1280//ggWZg5ADOjhMLqfr9canl7gNTGD.jpg
1982,55,Sophie's Choice,Actress in a Leading Role,F,1,Meryl Streep,White,33,https://image.tmdb.org/t/p/w1280//xqL5IJxV0fDeD3OfkS3eWqwJoGV.jpg
1982,55,Tootsie,Actress in a Supporting Role,F,1,Jessica Lange,White,33,https://image.tmdb.org/t/p/w1280//hC862LK6M6mMcCnhOzIyfvTmQk4.jpg
1983,56,Tender Mercies,Actor in a Leading Role,M,1,Robert Duvall,White,53,https://image.tmdb.org/t/p/w1280//1aBC7NxPy10ofng6HsJBecJ1vMZ.jpg
1983,56,Terms of Endearment,Actor in a Supporting Role,M,1,Jack Nicholson,White,46,https://image.tmdb.org/t/p/w1280//z5kVLyn3sxj0wNRlFgVgT6deeRO.jpg
1983,56,Terms of Endearment,Actress in a Leading Role,F,1,Shirley MacLaine,White,49,https://image.tmdb.org/t/p/w1280//faG5S4EOVaGHNf1CwZryGcHCE4e.jpg
1983,56,The Year of Living Dangerously,Actress in a Supporting Role,F,1,Linda Hunt,White,39,https://image.tmdb.org/t/p/w1280//cytXcZdHAmPJFBGnhwhg0CT40C4.jpg
1984,57,Amadeus,Actor in a Leading Role,M,1,F. Murray Abraham,White,45,https://image.tmdb.org/t/p/w1280//vXurMA6XOAREPEyW6QRu5xKfGIT.jpg
1984,57,The Killing Fields,Actor in a Supporting Role,M,1,Haing S. Ngor,Asian,45,https://image.tmdb.org/t/p/w1280//dwvHUD5Q85IgxvDSEFXUlTtQq61.jpg
1984,57,Places in the Heart,Actress in a Leading Role,F,1,Sally Field,White,38,https://image.tmdb.org/t/p/w1280//ymhpsxujOO3a9qaGYSpkenCt9Le.jpg
1984,57,A Passage to India,Actress in a Supporting Role,F,1,Peggy Ashcroft,White,77,https://image.tmdb.org/t/p/w1280//pZ8ff5C9xwYEl0uYyS0XQzQc1PJ.jpg
1985,58,Kiss of the Spider Woman,Actor in a Leading Role,M,1,William Hurt,White,36,https://image.tmdb.org/t/p/w1280//zp6UOht6c1iyHDbpYn1hkX103lG.jpg
1985,58,Cocoon,Actor in a Supporting Role,M,1,Don Ameche,White,77,https://image.tmdb.org/t/p/w1280//q4t9dds6jQuuqpMLvALbOqVJRFV.jpg
1985,58,The Trip to Bountiful,Actress in a Leading Role,F,1,Geraldine Page,White,61,https://image.tmdb.org/t/p/w1280//zyGpaCsHZUJRUyFUJNlTQ6dBs6F.jpg
1985,58,Prizzi's Honor,Actress in a Supporting Role,F,1,Anjelica Huston,White,34,https://image.tmdb.org/t/p/w1280//Aiyv68gYWcEe9OYhyCkOa09kjmy.jpg
1986,59,The Color of Money,Actor in a Leading Role,M,1,Paul Newman,White,62,https://image.tmdb.org/t/p/w1280//my0Blo9IBy1WZ0QKbuxUzS0QwV5.jpg
1986,59,Hannah and Her Sisters,Actor in a Supporting Role,M,1,Michael Caine,White,54,https://image.tmdb.org/t/p/w1280//vvj0JMSFpOajXCE46Hy4dyqSP2U.jpg
1986,59,Children of a Lesser God,Actress in a Leading Role,F,1,Marlee Matlin,White,21,https://image.tmdb.org/t/p/w1280//jqu19nl2p46GE6UAkfztD7jpKOv.jpg
1986,59,Hannah and Her Sisters,Actress in a Supporting Role,F,1,Dianne Wiest,White,39,https://image.tmdb.org/t/p/w1280//sWm7Oar69rHGJzKgcP4iutwUmLb.jpg
1987,60,Wall Street,Actor in a Leading Role,M,1,Michael Douglas,White,43,https://image.tmdb.org/t/p/w1280//nmlitv4g2jXO3sJrnA9g980j2uc.jpg
1987,60,The Untouchables,Actor in a Supporting Role,M,1,Sean Connery,White,57,https://image.tmdb.org/t/p/w1280//ce84udJZ9QRSR44jxwK2apM3DM8.jpg
1987,60,Moonstruck,Actress in a Leading Role,F,1,Cher,White,41,https://image.tmdb.org/t/p/w1280//nLi4qPXWEuhjc31bmbeINLVZ8zS.jpg
1987,60,Moonstruck,Actress in a Supporting Role,F,1,Olympia Dukakis,White,56,https://image.tmdb.org/t/p/w1280//8kYmUwC0SfnJKt39M5Xrr8Q0oIf.jpg
1988,61,Rain Man,Actor in a Leading Role,M,1,Dustin Hoffman,White,51,https://image.tmdb.org/t/p/w1280//3pZx8NB30KIw31rBAT62TUDQFEb.jpg
1988,61,A Fish Called Wanda,Actor in a Supporting Role,M,1,Kevin Kline,White,41,https://image.tmdb.org/t/p/w1280//u9QXn3fL7zCC2c6HA2vFgH1JxZg.jpg
1988,61,The Accused,Actress in a Leading Role,F,1,Jodie Foster,White,26,https://image.tmdb.org/t/p/w1280//eAIE6bnOQ8rm0f933gyeAQdIwrP.jpg
1988,61,The Accidental Tourist,Actress in a Supporting Role,F,1,Geena Davis,White,33,https://image.tmdb.org/t/p/w1280//6b8cRJOItz7yNpYuLCPkl5kv4m2.jpg
1989,62,My Left Foot,Actor in a Leading Role,M,1,Daniel Day Lewis,White,32,https://image.tmdb.org/t/p/w1280//hknfCSSU6AMeKV9yn9NTtTzIEGc.jpg
1989,62,Glory,Actor in a Supporting Role,M,1,Denzel Washington,Black,35,https://image.tmdb.org/t/p/w1280//khMf8LLTtppUwuZqqnigD2nAy26.jpg
1989,62,Driving Miss Daisy,Actress in a Leading Role,F,1,Jessica Tandy,White,80,https://image.tmdb.org/t/p/w1280//tDoTea4JEVuo8wgzkOxUpd1Drkh.jpg
1989,62,My Left Foot,Actress in a Supporting Role,F,1,Brenda Fricker,White,45,https://image.tmdb.org/t/p/w1280//z2ARJBvxE1mCwQ6XARTKvvPQySu.jpg
1990,63,Reversal of Fortune,Actor in a Leading Role,M,1,Jeremy Irons,White,42,https://image.tmdb.org/t/p/w1280//9AWphjIgGX7JjTrwrx3tsTZlUgv.jpg
1990,63,Good Fellas,Actor in a Supporting Role,M,1,Joe Pesci,White,48,https://image.tmdb.org/t/p/w1280//2CaYAhUZgkAeqtpIzuqGcqArsOy.jpg
1990,63,Misery,Actress in a Leading Role,F,1,Kathy Bates,White,42,https://image.tmdb.org/t/p/w1280//pwHCkfIBeDdz93RlcmDWqXefozi.jpg
1990,63,Ghost,Actress in a Supporting Role,F,1,Whoopi Goldberg,Black,35,https://image.tmdb.org/t/p/w1280//n3lF8w4X4rDa4J2LMDIxMEcuUeH.jpg
1991,64,The Silence of the Lambs,Actor in a Leading Role,M,1,Anthony Hopkins,White,54,https://image.tmdb.org/t/p/w1280//btweZvSRBiE6jaMME93BSXeTQN6.jpg
1991,64,City Slickers,Actor in a Supporting Role,M,1,Jack Palance,White,73,https://image.tmdb.org/t/p/w1280//vVQxDsA4FVDRZm6Pm3ohjmuJFxh.jpg
1991,64,The Silence of the Lambs,Actress in a Leading Role,F,1,Jodie Foster,White,29,https://image.tmdb.org/t/p/w1280//eAIE6bnOQ8rm0f933gyeAQdIwrP.jpg
1991,64,The Fisher King,Actress in a Supporting Role,F,1,Mercedes Ruehl,White,44,https://image.tmdb.org/t/p/w1280//dGyZ3s7TdC88JgDMQaQqUOwFul0.jpg
1992,65,Scent of a Woman,Actor in a Leading Role,M,1,Al Pacino,White,52,https://image.tmdb.org/t/p/w1280//f9tBVwcNHnawvMoyuuzmKvEhBsb.jpg
1992,65,Unforgiven,Actor in a Supporting Role,M,1,Gene Hackman,White,63,https://image.tmdb.org/t/p/w1280//qEKcmwc1XstymEniGuCs3KIsGfP.jpg
1992,65,Howards End,Actress in a Leading Role,F,1,Emma Thompson,White,33,https://image.tmdb.org/t/p/w1280//cWTBHN8kLf6yapxiaQD9C6N1uMw.jpg
1992,65,My Cousin Vinny,Actress in a Supporting Role,F,1,Marisa Tomei,White,28,https://image.tmdb.org/t/p/w1280//l87UKhZ1ethWmn8lksmLZ2LcQJ1.jpg
1993,66,Philadelphia,Actor in a Leading Role,M,1,Tom Hanks,White,37,https://image.tmdb.org/t/p/w1280//pQFoyx7rp09CJTAb932F2g8Nlho.jpg
1993,66,The Fugitive,Actor in a Supporting Role,M,1,Tommy Lee Jones,White,47,https://image.tmdb.org/t/p/w1280//gRXugLFvr1oHZ6alLUxmYDq8cgW.jpg
1993,66,The Piano,Actress in a Leading Role,F,1,Holly Hunter,White,36,https://image.tmdb.org/t/p/w1280//sfqLoSx2dmfQTafqbv8lNHnBeUW.jpg
1993,66,The Piano,Actress in a Supporting Role,F,1,Anna Paquin,White,11,https://image.tmdb.org/t/p/w1280//5Q4vZK2PqHkreQLmbPspIgrSLUP.jpg
1994,67,Forrest Gump,Actor in a Leading Role,M,1,Tom Hanks,White,38,https://image.tmdb.org/t/p/w1280//pQFoyx7rp09CJTAb932F2g8Nlho.jpg
1994,67,Ed Wood,Actor in a Supporting Role,M,1,Martin Landau,White,66,https://image.tmdb.org/t/p/w1280//ylT7pqkcPNsHloe2dJsePFSoIkE.jpg
1994,67,Blue Sky,Actress in a Leading Role,F,1,Jessica Lange,White,45,https://image.tmdb.org/t/p/w1280//hC862LK6M6mMcCnhOzIyfvTmQk4.jpg
1994,67,Bullets over Broadway,Actress in a Supporting Role,F,1,Dianne Wiest,White,46,https://image.tmdb.org/t/p/w1280//sWm7Oar69rHGJzKgcP4iutwUmLb.jpg
1995,68,Leaving Las Vegas,Actor in a Leading Role,M,1,Nicolas Cage,White,32,https://image.tmdb.org/t/p/w1280//fW37Gbk5PJZuXvyZwtcr0cMwPKY.jpg
1995,68,The Usual Suspects,Actor in a Supporting Role,M,1,Kevin Spacey,White,36,https://image.tmdb.org/t/p/w1280//x7wF050iuCASefLLG75s2uDPFUu.jpg
1995,68,Dead Man Walking,Actress in a Leading Role,F,1,Susan Sarandon,White,49,http://static.tvgcdn.net/mediabin/showcards/celebs/s-u/thumbs/susan-sarandon-175785_828x1104.png
1995,68,Mighty Aphrodite,Actress in a Supporting Role,F,1,Mira Sorvino,White,28,https://image.tmdb.org/t/p/w1280//ooyCQtEdE9wIsgC1lZRFo36VzRo.jpg
1996,69,Shine,Actor in a Leading Role,M,1,Geoffrey Rush,White,45,https://image.tmdb.org/t/p/w1280//5h91WHSK80YtqTk1bMiar2IZzO2.jpg
1996,69,Jerry Maguire,Actor in a Supporting Role,M,1,"Cuba Gooding, Jr.",Black,29,https://image.tmdb.org/t/p/w1280//yu8Q3ImFu3RJne585jjgeQO2Boo.jpg
1996,69,Fargo,Actress in a Leading Role,F,1,Frances McDormand,White,39,https://image.tmdb.org/t/p/w1280//jodV4NuQAvxQWIHxqnop1jUX77N.jpg
1996,69,The English Patient,Actress in a Supporting Role,F,1,Juliette Binoche,White,33,https://image.tmdb.org/t/p/w1280//rkW6eE75Tt1i3J1s2fsIDZBW0kd.jpg
1997,70,As Good as It Gets,Actor in a Leading Role,M,1,Jack Nicholson,White,60,https://image.tmdb.org/t/p/w1280//z5kVLyn3sxj0wNRlFgVgT6deeRO.jpg
1997,70,Good Will Hunting,Actor in a Supporting Role,M,1,Robin Williams,White,46,https://image.tmdb.org/t/p/w1280//5KebSMXT8uj2D0gkaMFJ8VEp53.jpg
1997,70,As Good as It Gets,Actress in a Leading Role,F,1,Helen Hunt,White,34,https://image.tmdb.org/t/p/w1280//ws1ClG9BBUIVLZRYTNKconJn9Sy.jpg
1997,70,L.A. Confidential,Actress in a Supporting Role,F,1,Kim Basinger,White,44,https://image.tmdb.org/t/p/w1280//xpv6NgpY0mDr5QSWjZLXy5KlFn9.jpg
1998,71,Life Is Beautiful,Actor in a Leading Role,M,1,Roberto Benigni,White,46,https://image.tmdb.org/t/p/w1280//v2C2JVPVRg0zwgrI0yqeanUxVLa.jpg
1998,71,Affliction,Actor in a Supporting Role,M,1,James Coburn,White,70,https://image.tmdb.org/t/p/w1280//sEouHlYr1hOzl3u6E4KV6gIJSPd.jpg
1998,71,Shakespeare in Love,Actress in a Leading Role,F,1,Gwyneth Paltrow,White,26,https://image.tmdb.org/t/p/w1280//8x3jpWD7DEvyMXO1FOjwNdd1UZT.jpg
1998,71,Shakespeare in Love,Actress in a Supporting Role,F,1,Judi Dench,White,64,https://image.tmdb.org/t/p/w1280//2is9RvJ3BQAku2EtCmyk5EZoxzT.jpg
1999,72,American Beauty,Actor in a Leading Role,M,1,Kevin Spacey,White,40,https://image.tmdb.org/t/p/w1280//x7wF050iuCASefLLG75s2uDPFUu.jpg
1999,72,The Cider House Rules,Actor in a Supporting Role,M,1,Michael Caine,White,67,https://image.tmdb.org/t/p/w1280//vvj0JMSFpOajXCE46Hy4dyqSP2U.jpg
1999,72,Boys Don't Cry,Actress in a Leading Role,F,1,Hilary Swank,White,25,https://image.tmdb.org/t/p/w1280//zVM2gbZhuipISCoALn6iEN1bmop.jpg
1999,72,"Girl, Interrupted",Actress in a Supporting Role,F,1,Angelina Jolie,White,24,https://image.tmdb.org/t/p/w1280//6tocswK39SrSjZIRDaTpVyPxDz8.jpg
2000,73,Gladiator,Actor in a Leading Role,M,1,Russell Crowe,White,36,https://image.tmdb.org/t/p/w1280//ktuOAyUHM2u2YPPChH8gAArxJ7b.jpg
2000,73,Traffic,Actor in a Supporting Role,M,1,Benicio Del Toro,Latinx,34,https://image.tmdb.org/t/p/w1280//5TlC56RMfTeeBxhI6myQe4SDEEo.jpg
2000,73,Erin Brockovich,Actress in a Leading Role,F,1,Julia Roberts,White,33,https://image.tmdb.org/t/p/w1280//h13yvG0tRNMTAwciQXxYmQWdYW8.jpg
2000,73,Pollock,Actress in a Supporting Role,F,1,Marcia Gay Harden,White,41,https://image.tmdb.org/t/p/w1280//9TYI6LAu4S0vkn47RjLLgFrhtrc.jpg
2001,74,Training Day,Actor in a Leading Role,M,1,Denzel Washington,Black,47,https://image.tmdb.org/t/p/w1280//khMf8LLTtppUwuZqqnigD2nAy26.jpg
2001,74,Iris,Actor in a Supporting Role,M,1,Jim Broadbent,White,52,https://image.tmdb.org/t/p/w1280//50TV6UKJKjmqdn1GQNuuCIYHLzP.jpg
2001,74,Monster's Ball,Actress in a Leading Role,F,1,Halle Berry,Black,35,https://image.tmdb.org/t/p/w1280//w7HRZh4UhimZO2F6GywkYhjgAX3.jpg
2001,74,A Beautiful Mind,Actress in a Supporting Role,F,1,Jennifer Connelly,White,31,https://image.tmdb.org/t/p/w1280//xTpRRy9hwk4E2uypuQ30iqt2W2W.jpg
2002,75,The Pianist,Actor in a Leading Role,M,1,Adrien Brody,White,29,https://image.tmdb.org/t/p/w1280//zvMslH1C8xmEBpGgDsdzL797Rv.jpg
2002,75,Adaptation,Actor in a Supporting Role,M,1,Chris Cooper,White,51,https://image.tmdb.org/t/p/w1280//ytZY7YofdiAZyiyr4NyiB77lwwQ.jpg
2002,75,The Hours,Actress in a Leading Role,F,1,Nicole Kidman,White,35,https://image.tmdb.org/t/p/w1280//1ammEgq5D6qw5mM4WkgUmnxQ7Uy.jpg
2002,75,Chicago,Actress in a Supporting Role,F,1,Catherine Zeta-Jones,White,33,https://image.tmdb.org/t/p/w1280//3qDN8It9ulUqpOqkxJgW0WnWFho.jpg
2003,76,Mystic River,Actor in a Leading Role,M,1,Sean Penn,White,43,https://image.tmdb.org/t/p/w1280//f2uy1zq0qmtLBpsr6N9uQ8FktOr.jpg
2003,76,Mystic River,Actor in a Supporting Role,M,1,Tim Robbins,White,45,https://image.tmdb.org/t/p/w1280//7pirFsBQe93TSfzu404Hgcj1YWj.jpg
2003,76,Monster,Actress in a Leading Role,F,1,Charlize Theron,White,28,https://image.tmdb.org/t/p/w1280//k5Xt2mNlraX7yHYaPy9gvayCaKV.jpg
2003,76,Cold Mountain,Actress in a Supporting Role,F,1,Renée Zellweger,White,34,https://image.tmdb.org/t/p/w1280//aeUnfem148WrhpQcmiUuSRGhCYU.jpg
2004,77,Ray,Actor in a Leading Role,M,1,Jamie Foxx,Black,37,https://image.tmdb.org/t/p/w1280//cDRGXCNrwf1p9jouw9GzhU2vWP7.jpg
2004,77,Million Dollar Baby,Actor in a Supporting Role,M,1,Morgan Freeman,Black,67,https://image.tmdb.org/t/p/w1280//oGJQhOpT8S1M56tvSsbEBePV5O1.jpg
2004,77,Million Dollar Baby,Actress in a Leading Role,F,1,Hilary Swank,White,30,https://image.tmdb.org/t/p/w1280//zVM2gbZhuipISCoALn6iEN1bmop.jpg
2004,77,The Aviator,Actress in a Supporting Role,F,1,Cate Blanchett,White,35,https://image.tmdb.org/t/p/w1280//5HikVWKfkkUa8aLdCMHtREBECIn.jpg
2005,78,Capote,Actor in a Leading Role,M,1,Philip Seymour Hoffman,White,38,https://image.tmdb.org/t/p/w1280//8DjE4XIngdn0dK3RnIKTHB8U8jZ.jpg
2005,78,Syriana,Actor in a Supporting Role,M,1,George Clooney,White,44,https://image.tmdb.org/t/p/w1280//esyiULfB7kSrhgzBkLamjsTTKEg.jpg
2005,78,Walk the Line,Actress in a Leading Role,F,1,Reese Witherspoon,White,29,https://image.tmdb.org/t/p/w1280//4JsKUdunVSiG7RQOJtzItMmQJXn.jpg
2005,78,The Constant Gardener,Actress in a Supporting Role,F,1,Rachel Weisz,White,35,https://image.tmdb.org/t/p/w1280//3QbFXeiUzXUVUrJ7fdiCn7A7ReW.jpg
2006,79,The Last King of Scotland,Actor in a Leading Role,M,1,Forest Whitaker,Black,45,https://image.tmdb.org/t/p/w1280//4pMQkelS5lK661m9Kz3oIxLYiyS.jpg
2006,79,Little Miss Sunshine,Actor in a Supporting Role,M,1,Alan Arkin,White,72,https://image.tmdb.org/t/p/w1280//gcrKO2z0YVUXBXVeB9V8PndG0IJ.jpg
2006,79,The Queen,Actress in a Leading Role,F,1,Helen Mirren,White,61,https://image.tmdb.org/t/p/w1280//4EGgBJPUBz68ZrnFuLVo01r0uND.jpg
2006,79,Dreamgirls,Actress in a Supporting Role,F,1,Jennifer Hudson,Black,24,https://image.tmdb.org/t/p/w1280//zqTu7AANIUsVMAYz5rK1YPnvbWR.jpg
2007,80,There Will Be Blood,Actor in a Leading Role,M,1,Daniel Day-Lewis,White,50,https://image.tmdb.org/t/p/w1280//hknfCSSU6AMeKV9yn9NTtTzIEGc.jpg
2007,80,No Country for Old Men,Actor in a Supporting Role,M,1,Javier Bardem,White,38,https://image.tmdb.org/t/p/w1280//xuNNAISHISlbYI0HjZhmfXcMwnn.jpg
2007,80,La Vie en Rose,Actress in a Leading Role,F,1,Marion Cotillard,White,32,https://image.tmdb.org/t/p/w1280//eSRyCYy2qiGIRodOV5eZJJRZIyP.jpg
2007,80,Michael Clayton,Actress in a Supporting Role,F,1,Tilda Swinton,White,47,https://image.tmdb.org/t/p/w1280//eGNo9qwlunvAi4kCVUEFtQFM5X.jpg
2008,81,Milk,Actor in a Leading Role,M,1,Sean Penn,White,48,https://image.tmdb.org/t/p/w1280//f2uy1zq0qmtLBpsr6N9uQ8FktOr.jpg
2008,81,The Dark Knight,Actor in a Supporting Role,M,1,Heath Ledger,White,29,https://image.tmdb.org/t/p/w1280//5Y9HnYYa9jF4NunY9lSgJGjSe8E.jpg
2008,81,The Reader,Actress in a Leading Role,F,1,Kate Winslet,White,33,https://image.tmdb.org/t/p/w1280//e3tdop3WhseRnn8KwMVLAV25Ybv.jpg
2008,81,Vicky Cristina Barcelona,Actress in a Supporting Role,F,1,Penélope Cruz,Latinx,34,https://image.tmdb.org/t/p/w1280//dcPSUfxMa791NZvrFiBc3ReDdpU.jpg
2009,82,Crazy Heart,Actor in a Leading Role,M,1,Jeff Bridges,White,60,https://image.tmdb.org/t/p/w1280//xms1RAY6q7Lzp7wNeRCB0kzhucn.jpg
2009,82,Inglourious Basterds,Actor in a Supporting Role,M,1,Christoph Waltz,White,53,https://image.tmdb.org/t/p/w1280//2Hhztd4mUEV9Y25rfkXDwzL9QI9.jpg
2009,82,The Blind Side,Actress in a Leading Role,F,1,Sandra Bullock,White,45,https://image.tmdb.org/t/p/w1280//1Im0NV6nVaKyXMpYjGOfWaj5khS.jpg
2009,82,Precious: Based on the Novel 'Push' by Sapphire,Actress in a Supporting Role,F,1,Mo'Nique,Black,42,https://image.tmdb.org/t/p/w1280//2oXH2sx32C3w7t7HmorpPNGCUgG.jpg
2010,83,The King's Speech,Actor in a Leading Role,M,1,Colin Firth,White,50,https://image.tmdb.org/t/p/w1280//lKUq407IhFF6CQoJbUgbEyfS9JA.jpg
2010,83,The Fighter,Actor in a Supporting Role,M,1,Christian Bale,White,37,https://image.tmdb.org/t/p/w1280//2ocrTd8ChuUyJOzMuD4PsQw8eCB.jpg
2010,83,Black Swan,Actress in a Leading Role,F,1,Natalie Portman,White,29,https://image.tmdb.org/t/p/w1280//jJcRWku3e9OHrmRqytn6WcBjhvh.jpg
2010,83,The Fighter,Actress in a Supporting Role,F,1,Melissa Leo,White,50,https://image.tmdb.org/t/p/w1280//fcDdsUAyp7DZEi4UEzGXZEjXlUC.jpg
2011,84,The Artist,Actor in a Leading Role,M,1,Jean Dujardin,White,39,https://image.tmdb.org/t/p/w1280//fpNJxVL3I4atLSmWJqmVzDR4TWI.jpg
2011,84,Beginners,Actor in a Supporting Role,M,1,Christopher Plummer,White,82,https://image.tmdb.org/t/p/w1280//fauMGxa6dc86nHNenQ8X6DlE6YV.jpg
2011,84,The Iron Lady,Actress in a Leading Role,F,1,Meryl Streep,White,62,https://image.tmdb.org/t/p/w1280//xqL5IJxV0fDeD3OfkS3eWqwJoGV.jpg
2011,84,The Help,Actress in a Supporting Role,F,1,Octavia Spencer,Black,41,https://image.tmdb.org/t/p/w1280//4FEVru6fBFyJECqwqjHwlZdsL4c.jpg
2012,85,Lincoln,Actor in a Leading Role,M,1,Daniel Day-Lewis,White,55,https://image.tmdb.org/t/p/w1280//hknfCSSU6AMeKV9yn9NTtTzIEGc.jpg
2012,85,Django Unchained,Actor in a Supporting Role,M,1,Christoph Waltz,White,56,https://image.tmdb.org/t/p/w1280//2Hhztd4mUEV9Y25rfkXDwzL9QI9.jpg
2012,85,Silver Linings Playbook,Actress in a Leading Role,F,1,Jennifer Lawrence,White,22,https://image.tmdb.org/t/p/w1280//hLzgl1dS8O2IAn1PIwHYhxR0Lkm.jpg
2012,85,Les MisÌ©rables,Actress in a Supporting Role,F,1,Anne Hathaway,White,30,https://image.tmdb.org/t/p/w1280//xENM3XJAtdpolwELYDy9iaCtU4m.jpg
2013,86,Dallas Buyers Club,Actor in a Leading Role,M,1,Matthew McConaughey,White,44,https://image.tmdb.org/t/p/w1280//jdRmHrG0TWXGhs4tO6TJNSoL25T.jpg
2013,86,Dallas Buyers Club,Actor in a Supporting Role,M,1,Jared Leto,White,42,https://image.tmdb.org/t/p/w1280//msugySeTCyCmlRWtyB6sMixTQYY.jpg
2013,86,Blue Jasmine,Actress in a Leading Role,F,1,Cate Blanchett,White,44,https://image.tmdb.org/t/p/w1280//5HikVWKfkkUa8aLdCMHtREBECIn.jpg
2013,86,12 Years a Slave,Actress in a Supporting Role,F,1,Lupita Nyong'o,Black,31,https://image.tmdb.org/t/p/w1280//y3p0OMzIuAmcNt700RayK5A0k6t.jpg
2014,87,The Theory of Everything,Actor in a Leading Role,M,1,Eddie Redmayne,White,33,https://image.tmdb.org/t/p/w1280//bHipa1GkpedD32w2OIRg5axdkQ6.jpg
2014,87,Whiplash,Actor in a Supporting Role,M,1,J.K. Simmons,White,60,https://image.tmdb.org/t/p/w1280/jYYnhWbNoCSufoYkvs1GBZIyIX.jpg
2014,87,Still Alice,Actress in a Leading Role,F,1,Julianne Moore,White,54,https://image.tmdb.org/t/p/w1280/AkY8Dm85fDrG6Q6XSfK6e3USvox.jpg
2014,87,Boyhood,Actress in a Supporting Role,F,1,Patricia Arquette,White,46,https://image.tmdb.org/t/p/w1280/vBrrTputWCQgBpC0ZIhpbiaCxbx.jpg
2015,88,The Revenant,Actor in a Leading Role,M,1,Leonardo DiCaprio,White,41,https://image.tmdb.org/t/p/w1280/A85WIRIKVsD2DeUSc8wQ4fOKc4e.jpg
2015,88,Bridge of Spies,Actor in a Supporting Role,M,1,Mark Rylance,White,56,https://image.tmdb.org/t/p/w1280/5XrQYvdYqiGUepbgmRQfOltgBRJ.jpg
2015,88,Room,Actress in a Leading Role,F,1,Brie Larson,White,26,https://image.tmdb.org/t/p/w1280/p66rOUPo1ZFZ7XrAKZ6DjdsvCA2.jpg
2015,88,The Danish Girl,Actress in a Supporting Role,F,1,Alicia Vikander,White,27,https://image.tmdb.org/t/p/w1280/q5PMBDNAFdAgeFsLDI2pQ2Fr6a6.jpg
2016,89,Manchester by the Sea,Actor in a Leading Role,M,1,Casey Affleck,White,41,https://image.tmdb.org/t/p/w1280/kPNMpiZHsAzeQar4DiNsrekwHBU.jpg
2016,89,Moonlight,Actor in a Supporting Role,M,1,Mahershala Ali,Black,43,https://image.tmdb.org/t/p/w1280/waUvfhRSpVe4vk0hGVcsr0dhpK6.jpg
2016,89,La La Land,Actress in a Leading Role,F,1,Emma Stone,White,28,https://image.tmdb.org/t/p/w1280/8bg84LTWsumtZitp1vwHJRFFkcr.jpg
2016,89,Fences,Actress in a Supporting Role,F,1,Viola Davis,Black,51,https://image.tmdb.org/t/p/w1280/9nhqKVGA09DLeZqsvWVoNeTRlRQ.jpg
2017,90,Darkest Hour,Actor in a Leading Role,M,1,Gary Oldman,White,59,https://image.tmdb.org/t/p/w1280/tofLS5A6lBXNjeROGvgpfe2JwaT.jpg
2017,90,"Three Billboards Outside Ebbing, Missouri",Actor in a Supporting Role,M,1,Sam Rockwell,White,49,https://image.tmdb.org/t/p/w1280/mEH7nCaG75XNkoFbp3MIwCbIZb6.jpg
2017,90,"Three Billboards Outside Ebbing, Missouri",Actress in a Leading Role,F,1,Frances McDormand,White,60,https://image.tmdb.org/t/p/w1280/jodV4NuQAvxQWIHxqnop1jUX77N.jpg
2017,90,"I, Tonya",Actress in a Supporting Role,F,1,Allison Janney,White,58,https://image.tmdb.org/t/p/w1280/cDcB8mKP1GiIeoM3Qe7GIucs0iv.jpg